title,price
"Redmi 13 5G, Black Diamond, 8GB+128GB | India Debut SD 4 Gen 2 AE | 108MP Pro Grade Camera | 6.79in Largest Display in Segment","15,498"
Apple iPhone 13 (128GB) - Pink,"51,999"
"Redmi 13C (Stardust Black, 4GB RAM, 128GB Storage) | Powered by 4G Mediatek Helio G85 | 90Hz Display | 50MP AI Triple Camera","7,698"
"realme NARZO N61 (Voyage Blue,6GB RAM+128GB Storage) 90Hz Eye Comfort Display | IP54 Dust & Water Resistance | 48-Month Fluency | Charger in The Box","8,498"
"OnePlus Nord CE4 Lite 5G (Super Silver, 8GB RAM, 128GB Storage)","19,999"
"Redmi 13C (Starfrost White, 6GB RAM, 128GB Storage) | Powered by 4G MediaTek Helio G85 | 90Hz Display | 50MP AI Triple Camera","8,498"
"Redmi 13C 5G (Startrail Green, 4GB RAM, 128GB Storage) | MediaTek Dimensity 6100+ 5G | 90Hz Display","10,498"
"Redmi 13C 5G (Starlight Black, 6GB RAM, 128GB Storage) | MediaTek Dimensity 6100+ 5G | 90Hz Display","11,998"
"realme NARZO 70x 5G (Ice Blue, 6GB RAM,128GB Storage)|120Hz Ultra Smooth Display|Dimensity 6100+ 6nm 5G|50MP AI Camera|45W Charger in The Box","12,999"
"OnePlus Nord CE 3 Lite 5G (Chromatic Gray, 8GB RAM, 128GB Storage)","16,968"
ONES Silicone Ultra-Thin Case For iPhone 8 Plus/7 Plus · Carbon Fiber Texture[Military-Grade Drop Protect Camera][Shockproof Slim Back Non-Slip Grip][Fingerprint Prevention]· Lightweight Cover Black,749
Verilux® Multi Port USB Adapter 60W PD Fast Charging Multi Port USB Adapter Travel Fast Charging Adapter with Type C & USB Plug & 3 in 1 USB Adapter for iPhone 15/14/13/Samsung s24/s23,948
Nokia G42 5G | Snapdragon® 480+ 5G | 50MP Triple AI Camera | 11GB RAM (6GB RAM + 5GB Virtual RAM) | 128GB Storage | 5000mAh Battery | 2 Years Android Upgrades | 20W Charger Included | So Grey,"11,499"
"OnePlus Nord CE4 Lite 5G (Ultra Orange, 8GB RAM, 128GB Storage)","19,999"
POCO C65 (Pastel Blue 4GB RAM 128GB Storage),"6,998"
Redmi 12 5G Jade Black 8GB RAM 256GB ROM,"13,998"
"POCO M6 5G (Orion Blue, 6GB RAM, 128GB Storage)","9,998"
"realme NARZO N61 (Marble Black,6GB RAM+128GB Storage) 90Hz Eye Comfort Display | IP54 Dust & Water Resistance | 48-Month Fluency | Charger in The Box","8,498"
"POCO M6 5G (Galactic Black,6GB RAM, 128GB Storage) | MediaTek Dimensity 6100+ 5G Processor | 5000 mAh Battery + 18W Fast Charging | 50 MP AI Dual-Camera System & Side Fingerprint Sensor","9,998"
"realme NARZO N65 5G (Amber Gold 6GB RAM, 128GB Storage) India's 1st D6300 5G Chipset | Ultra Slim Design | 120Hz Eye Comfort Display | 50MP AI Camera| Charger in The Box","12,498"
"AILKIN SUPERVOOC 65W Power Adapter- Ultra Fast Charger for OnePlus with True 65W PD Charging | Compatible with OnePlus 12/12R/11/11R/10/10R, Nord CE 3 Lite 5G, Nord 2T 5G, Nord CE 2 Lite 5G, Nord 5G",664
"BOBO BM14 Quick Release Enhanced BM4 Waterproof Bike/Motorcycle/Scooter Mobile Phone Holder Mount, Ideal for Maps and GPS Navigation (Silver)","1,299"
title,price
"DR VAKU® ESSENVOLT 65W Car Charger Dual Port Output Fast Charging Type C PD 65W + 18W QC 3.0 USB Car Mobile Charger Adapter for iPhone 16/15/14 All Series, Tablets, Laptop & Android Smartphones- Grey",999
"AILKIN SUPERVOOC 65W Power Adapter- Ultra Fast Charger for OnePlus with True 65W PD Charging | Compatible with OnePlus 12/12R/11/11R/10/10R, Nord CE 3 Lite 5G, Nord 2T 5G, Nord CE 2 Lite 5G, Nord 5G",664
"realme NARZO N65 5G (Amber Gold 6GB RAM, 128GB Storage) India's 1st D6300 5G Chipset | Ultra Slim Design | 120Hz Eye Comfort Display | 50MP AI Camera| Charger in The Box","12,498"
"OnePlus Nord CE 3 Lite 5G (Chromatic Gray, 8GB RAM, 128GB Storage)","16,968"
"realme GT 6T 5G (Fluid Silver,8GB RAM+128GB Storage) | India's 1st 7+ Gen 3 Flagship Chipset | 1.5M+AnTuTu Score | 5500mAh+120W | The World's Brightest Flagship Display","30,998"
POCO C65 (Pastel Blue 4GB RAM 128GB Storage),"6,998"
"iQOO Z9 Lite 5G (Aqua Flow, 6GB RAM, 128GB Storage) | Dimensity 6300 5G | 50MP Sony AI Camera | Charger in The Box","11,498"
"realme NARZO 70x 5G (Forest Green, 8GB RAM,128GB Storage) | 120Hz Ultra Smooth Display | Dimensity 6100+ 6nm 5G | 50MP AI Camera | 45W Charger in The Box","14,998"
"realme NARZO 70 5G（Ice Blue,6GB RAM, 128GB Storage | Dimensity 7050 5G Chipset | 120Hz AMOLED Display | 50MP Primary Camera | 45W Charger in The Box","12,998"
"ALOGIC 20W Compact USB-C Wall Charger with Rapid Charge Technology, PD Power Delivery 3.0 Charger for Mobile, Tablet and More- White","1,890"
"50W Fast Type-C Charger for Lava Blaze Charger Original Adapter Like Mobile Charger QC 3.0 Quick Charger with 1 Meter Type C USB Data Cable (50W,DL-15, Red)",390
"Redmi 13C (Starfrost White, 4GB RAM, 128GB Storage) | Powered by 4G MediaTek Helio G85 | 90Hz Display | 50MP AI Triple Camera","7,698"
"Redmi 13C 5G (Startrail Silver, 4GB RAM, 128GB Storage) | MediaTek Dimensity 6100+ 5G | 90Hz Display","10,498"
"realme NARZO N65 5G (Deep Green 6GB RAM, 128GB Storage) India's 1st D6300 5G Chipset | Ultra Slim Design | 120Hz Eye Comfort Display | 50MP AI Camera| Charger in The Box","12,498"
"realme NARZO N65 5G (Deep Green 4GB RAM, 128GB Storage) India's 1st D6300 5G Chipset | Ultra Slim 190g Design | 120Hz Eye Comfort Display | 50MP AI Camera| Charger in The Box","11,498"
"Motorola razr 40 Ultra (Viva Magenta, 8GB RAM, 256GB Storage) | 3.6"" External AMOLED Display | 6.9"" AMOLED 165Hz Display | 32MP Selfie Camera |30W TurboPower Charging | Android 13","44,999"
"Redmi 13 5G, Orchid Pink, 6GB+128GB | India Debut SD 4 Gen 2 AE | 108MP Pro Grade Camera | 6.79in Largest Display in Segment","13,998"
"realme NARZO 70 Pro 5G (Glass Green, 8GB RAM,256GB Storage) Dimensity 7050 5G Chipset | Horizon Glass Design | Segment 1st Flagship Sony IMX890 OIS Camera","18,998"
"HONOR X9b 5G (Midnight Black, 8GB + 256GB) | India's First Ultra-Bounce Anti-Drop Curved AMOLED Display | 5800mAh Battery | 108MP Primary Camera | Without Charger","25,998"
Verilux® Multi Port USB Adapter 60W PD Fast Charging Multi Port USB Adapter Travel Fast Charging Adapter with Type C & USB Plug & 3 in 1 USB Adapter for iPhone 15/14/13/Samsung s24/s23,948
Jukmen Qi Wireless Charger Cup Holder Stand USB Type C Port Charging Ports Smart Fast Charger for Smart Phones Car Accessories Up to 15W Fast Charging,"2,999"
title,price
Apple iPhone 13 (128GB) - Midnight,"51,999"
Apple iPhone 15 (128 GB) - Black,"69,999"
"realme NARZO N65 5G (Deep Green 4GB RAM, 128GB Storage) India's 1st D6300 5G Chipset | Ultra Slim 190g Design | 120Hz Eye Comfort Display | 50MP AI Camera| Charger in The Box","11,498"
"Redmi 13 5G, Orchid Pink, 6GB+128GB | India Debut SD 4 Gen 2 AE | 108MP Pro Grade Camera | 6.79in Largest Display in Segment","13,998"
Apple iPhone 15 Plus (128 GB) - Blue,"79,999"
"POCO M6 Pro 5G (Power Black, 4GB RAM, 128GB Storage) | Snapdragon 4 Gen 2 | 6.79"" Large Screen with 90Hz Refresh Rate | 50 MP Dual AI Camera","9,498"
"realme NARZO 70 Pro 5G (Glass Green, 8GB RAM,256GB Storage) Dimensity 7050 5G Chipset | Horizon Glass Design | Segment 1st Flagship Sony IMX890 OIS Camera","18,998"
"Lava Blaze 5G (Glass Green, 6GB RAM, UFS 2.2 128GB Storage) | 5G Ready | 50MP AI Triple Camera | Upto 11GB Expandable RAM | Charger Included | Clean Android (No Bloatware)","9,799"
"Samsung Galaxy M14 4G (Sapphire Blue,4GB,64GB) | 50MP Triple Cam | 5000mAh Battery | Snapdragon 680 Processor | 2 Gen. OS Upgrade & 4 Year Security Update | 8GB RAM with RAM Plus | Without Charger","8,475"
"realme NARZO 70x 5G (Forest Green, 8GB RAM,128GB Storage) | 120Hz Ultra Smooth Display | Dimensity 6100+ 6nm 5G | 50MP AI Camera | 45W Charger in The Box","14,998"
Apple iPhone 15 Plus (128 GB) - Pink,"79,999"
"Redmi 13 5G, Orchid Pink, 6GB+128GB | India Debut SD 4 Gen 2 AE | 108MP Pro Grade Camera | 6.79in Largest Display in Segment","13,998"
"Samsung Galaxy S21 FE 5G (Graphite, 8GB RAM, 256GB Storage) with Snapdragon 888 Processor","26,999"
"iQOO Z9 Lite 5G (Aqua Flow, 4GB RAM, 128GB Storage) | Dimensity 6300 5G | 50MP Sony AI Camera | Charger in The Box","10,498"
"HONOR X9b 5G (Midnight Black, 8GB + 256GB) | India's First Ultra-Bounce Anti-Drop Curved AMOLED Display | 5800mAh Battery | 108MP Primary Camera | Without Charger","25,998"
POCO M6 Pro 5G (128 GB) (6 GB RAM) (Power Black),"11,998"
"iQOO Z9s 5G (Titanium Matte, 8GB RAM, 128GB Storage) | 120 Hz 3D Curved AMOLED Display | 5500 mAh Ultra-Thin Battery | Dimesity 7300 5G Processor | Sony IMX882 OIS Camera with Aura Light","19,998"
"iQOO Z9 Lite 5G (Mocha Brown, 6GB RAM, 128GB Storage) | Dimensity 6300 5G | 50MP Sony AI Camera | Charger in The Box","11,498"
"realme NARZO 70 5G（Ice Blue,6GB RAM, 128GB Storage | Dimensity 7050 5G Chipset | 120Hz AMOLED Display | 50MP Primary Camera | 45W Charger in The Box","12,998"
"Motorola Edge 50 Fusion 5G (Hot Pink, 12GB RAM, 256GB Storage)","27,999"
"Lava Blaze Curve 5G (Glass Iron, 8GB LPDDR5 RAM, UFS 3.1 128GB Storage) | 120Hz Curved Amoled Display |2.6GHz Dimensity 7050 6nm Processor | 64 MP Primary Sony Sensor","17,998"
"Redmi Note 13 Pro (Coral Purple, 8GB RAM, 128GB Storage) | 1.5K AMOLED | 200MP Hi-Res Camera | Flagship 4nm SD 7s Gen 2 | 67W TurboCharge","24,998"
title,price
"Xiaomi 14 CIVI (Cruise Blue, 8GB RAM, 256GB Storage)","42,999"
"Xiaomi 14 CIVI (Shadow Black, 12GB RAM, 512GB Storage)","47,999"
"Redmi 13C (Stardust Black, 4GB RAM, 128GB Storage) | Powered by 4G Mediatek Helio G85 | 90Hz Display | 50MP AI Triple Camera","7,698"
"realme NARZO N61 (Voyage Blue,6GB RAM+128GB Storage) 90Hz Eye Comfort Display | IP54 Dust & Water Resistance | 48-Month Fluency | Charger in The Box","8,498"
"Redmi 13C (Starfrost White, 6GB RAM, 128GB Storage) | Powered by 4G MediaTek Helio G85 | 90Hz Display | 50MP AI Triple Camera","8,498"
"OnePlus Nord CE4 Lite 5G (Super Silver, 8GB RAM, 128GB Storage)","19,999"
"realme NARZO N61 (Marble Black,6GB RAM+128GB Storage) 90Hz Eye Comfort Display | IP54 Dust & Water Resistance | 48-Month Fluency | Charger in The Box","8,498"
POCO C65 (Pastel Blue 4GB RAM 128GB Storage),"6,998"
"realme NARZO 70x 5G (Ice Blue, 6GB RAM,128GB Storage)|120Hz Ultra Smooth Display|Dimensity 6100+ 6nm 5G|50MP AI Camera|45W Charger in The Box","12,999"
"OnePlus Nord CE 3 Lite 5G (Chromatic Gray, 8GB RAM, 128GB Storage)","16,968"
"DR VAKU® ESSENVOLT 65W Car Charger Dual Port Output Fast Charging Type C PD 65W + 18W QC 3.0 USB Car Mobile Charger Adapter for iPhone 16/15/14 All Series, Tablets, Laptop & Android Smartphones- Grey",999
"Portronics Power Plate 5 1500W Power Converter with USB Charger & Mobile Holder 3AC Socket + 3USB Ports, 1.5 m Cord Length (Black)",547
"realme NARZO N61 (Voyage Blue,4GB RAM+64GB Storage) 90Hz Eye Comfort Display | IP54 Dust & Water Resistance | 48-Month Fluency | Charger in The Box","7,498"
"Redmi 13C (Starshine Green, 4GB RAM, 128GB Storage) | Powered by 4G MediaTek Helio G85 | 90Hz Display | 50MP AI Triple Camera","7,698"
Nokia G42 5G | Snapdragon® 480+ 5G | 50MP Triple AI Camera | 11GB RAM (6GB RAM + 5GB Virtual RAM) | 128GB Storage | 5000mAh Battery | 2 Years Android Upgrades | 20W Charger Included | So Grey,"11,499"
"Redmi 13C 5G (Startrail Green, 4GB RAM, 128GB Storage) | MediaTek Dimensity 6100+ 5G | 90Hz Display","10,498"
"Redmi 13C 5G (Starlight Black, 6GB RAM, 128GB Storage) | MediaTek Dimensity 6100+ 5G | 90Hz Display","11,998"
"Redmi 13C 5G (Startrail Silver, 4GB RAM, 128GB Storage) | MediaTek Dimensity 6100+ 5G | 90Hz Display","10,498"
"POCO M6 5G (Orion Blue, 6GB RAM, 128GB Storage)","9,998"
"Redmi 13C (Starfrost White, 4GB RAM, 128GB Storage) | Powered by 4G MediaTek Helio G85 | 90Hz Display | 50MP AI Triple Camera","7,698"
"AILKIN SUPERVOOC 65W Power Adapter- Ultra Fast Charger for OnePlus with True 65W PD Charging | Compatible with OnePlus 12/12R/11/11R/10/10R, Nord CE 3 Lite 5G, Nord 2T 5G, Nord CE 2 Lite 5G, Nord 5G",664
"50W Fast Type-C Charger for Lava Blaze Charger Original Adapter Like Mobile Charger QC 3.0 Quick Charger with 1 Meter Type C USB Data Cable (50W,DL-15, Red)",390
title,price
"AILKIN SUPERVOOC 65W Power Adapter- Ultra Fast Charger for OnePlus with True 65W PD Charging | Compatible with OnePlus 12/12R/11/11R/10/10R, Nord CE 3 Lite 5G, Nord 2T 5G, Nord CE 2 Lite 5G, Nord 5G",664
Jukmen Qi Wireless Charger Cup Holder Stand USB Type C Port Charging Ports Smart Fast Charger for Smart Phones Car Accessories Up to 15W Fast Charging,"2,999"
"realme NARZO N65 5G (Amber Gold 6GB RAM, 128GB Storage) India's 1st D6300 5G Chipset | Ultra Slim Design | 120Hz Eye Comfort Display | 50MP AI Camera| Charger in The Box","12,498"
"OnePlus Nord CE 3 Lite 5G (Chromatic Gray, 8GB RAM, 128GB Storage)","16,968"
"realme GT 6T 5G (Fluid Silver,8GB RAM+128GB Storage) | India's 1st 7+ Gen 3 Flagship Chipset | 1.5M+AnTuTu Score | 5500mAh+120W | The World's Brightest Flagship Display","30,998"
POCO C65 (Pastel Blue 4GB RAM 128GB Storage),"6,998"
"iQOO Z9 Lite 5G (Aqua Flow, 6GB RAM, 128GB Storage) | Dimensity 6300 5G | 50MP Sony AI Camera | Charger in The Box","11,498"
"realme NARZO 70x 5G (Forest Green, 8GB RAM,128GB Storage) | 120Hz Ultra Smooth Display | Dimensity 6100+ 6nm 5G | 50MP AI Camera | 45W Charger in The Box","14,998"
"realme NARZO 70 5G（Ice Blue,6GB RAM, 128GB Storage | Dimensity 7050 5G Chipset | 120Hz AMOLED Display | 50MP Primary Camera | 45W Charger in The Box","12,998"
"Redmi 13C (Starfrost White, 4GB RAM, 128GB Storage) | Powered by 4G MediaTek Helio G85 | 90Hz Display | 50MP AI Triple Camera","7,698"
"50W Fast Type-C Charger for Lava Blaze Charger Original Adapter Like Mobile Charger QC 3.0 Quick Charger with 1 Meter Type C USB Data Cable (50W,DL-15, Red)",390
Walta Elite Panache 1 Car Charger with 12W Charging for Cellular Phones | Dual Port USB Output | USB Cable Not Included- Black,249
"Redmi 13C 5G (Startrail Silver, 4GB RAM, 128GB Storage) | MediaTek Dimensity 6100+ 5G | 90Hz Display","10,498"
"realme NARZO N65 5G (Deep Green 6GB RAM, 128GB Storage) India's 1st D6300 5G Chipset | Ultra Slim Design | 120Hz Eye Comfort Display | 50MP AI Camera| Charger in The Box","12,498"
"realme NARZO N65 5G (Deep Green 4GB RAM, 128GB Storage) India's 1st D6300 5G Chipset | Ultra Slim 190g Design | 120Hz Eye Comfort Display | 50MP AI Camera| Charger in The Box","11,498"
"Motorola razr 40 Ultra (Viva Magenta, 8GB RAM, 256GB Storage) | 3.6"" External AMOLED Display | 6.9"" AMOLED 165Hz Display | 32MP Selfie Camera |30W TurboPower Charging | Android 13","44,999"
"Redmi 13 5G, Orchid Pink, 6GB+128GB | India Debut SD 4 Gen 2 AE | 108MP Pro Grade Camera | 6.79in Largest Display in Segment","13,998"
"realme NARZO 70 Pro 5G (Glass Green, 8GB RAM,256GB Storage) Dimensity 7050 5G Chipset | Horizon Glass Design | Segment 1st Flagship Sony IMX890 OIS Camera","18,998"
"HONOR X9b 5G (Midnight Black, 8GB + 256GB) | India's First Ultra-Bounce Anti-Drop Curved AMOLED Display | 5800mAh Battery | 108MP Primary Camera | Without Charger","25,998"
"Portronics Power Plate 5 1500W Power Converter with USB Charger & Mobile Holder 3AC Socket + 3USB Ports, 1.5 m Cord Length (Black)",547
IMPRESSION 20Watt Fast C-Type Charger Adapter Compatible for Apple iPhone 12,799
title,price
Apple iPhone 13 (128GB) - Midnight,"51,999"
Apple iPhone 15 (128 GB) - Black,"69,999"
"POCO M6 Pro 5G (Power Black, 4GB RAM, 128GB Storage) | Snapdragon 4 Gen 2 | 6.79"" Large Screen with 90Hz Refresh Rate | 50 MP Dual AI Camera","9,498"
"realme NARZO N61 (Voyage Blue,4GB RAM+64GB Storage) 90Hz Eye Comfort Display | IP54 Dust & Water Resistance | 48-Month Fluency | Charger in The Box","7,498"
Redmi 12 5G Pastel Blue 8GB RAM 256GB ROM,"13,998"
"realme NARZO N61 (Marble Black, 4GB RAM+64GB Storage) 90Hz Eye Comfort Display | IP54 Dust & Water Resistance | 48-Month Fluency | Charger in The Box","7,498"
"POCO X6 5G (Snowstorm White, 12 GB RAM 512 GB Storage)","21,998"
"realme NARZO 70x 5G (Forest Green, 6GB RAM,128GB Storage| 120Hz Ultra Smooth Display | Dimensity 6100+ 6nm 5G | 50MP AI Camera | 45W Charger in The Box","12,999"
"Redmi 13C (Starshine Green, 4GB RAM, 128GB Storage) | Powered by 4G MediaTek Helio G85 | 90Hz Display | 50MP AI Triple Camera","7,698"
Apple iPhone 15 Plus (128 GB) - Blue,"79,999"
"Redmi 13 5G, Orchid Pink, 6GB+128GB | India Debut SD 4 Gen 2 AE | 108MP Pro Grade Camera | 6.79in Largest Display in Segment","13,998"
Apple iPhone 15 Pro (512 GB) - Blue Titanium,"1,56,400"
"Samsung Galaxy S21 FE 5G (Graphite, 8GB RAM, 256GB Storage) with Snapdragon 888 Processor","26,999"
"realme NARZO N63 (Leather Blue, 4GB RAM+64GB Storage) 45W Fast Charge | 5000mAh Durable Battery | 7.74mm Ultra Slim | 50MP AI Camera | AI Boost","8,498"
POCO M6 Pro 5G (128 GB) (6 GB RAM) (Power Black),"11,998"
"Samsung Galaxy M14 4G (Arctic Blue,4GB,64GB) | 50MP Triple Cam | 5000mAh Battery | Snapdragon 680 Processor | 2 Gen. OS Upgrade & 4 Year Security Update | 8GB RAM with RAM Plus | Without Charger","8,398"
"OnePlus 12R (Iron Gray, 16GB RAM, 256GB Storage)","45,999"
POCO C65 (Pastel Green 4GB RAM 128GB Storage),"6,998"
"Redmi 13 5G, Hawaiian Blue, 6GB+128GB | India Debut SD 4 Gen 2 AE | 108MP Pro Grade Camera | 6.79in Largest Display in Segment","13,998"
"Samsung Galaxy M15 5G (Blue Topaz,6GB RAM,128GB Storage)| 50MP Triple Cam| 6000mAh Battery| MediaTek Dimensity 6100+| 4 Gen. OS Upgrade & 5 Year Security Update| Super AMOLED Display| Without Charger","14,499"
Apple iPhone 15 Pro Max (1 TB) - Black Titanium,"1,89,400"
"Redmi Note 13 Pro (Arctic White, 8GB RAM, 128GB Storage) | 1.5K AMOLED | 200MP Hi-Res Camera | Flagship 4nm SD 7s Gen 2 | 67W TurboCharge","24,998"
