manufacturer,title,price
Harley Benton,DC-Custom II Cherry,
Fender,Mike McCready Strat 3TSB,
Harley Benton,ST-20HSS SBK Standard Series,
Harley Benton,Electric Guitar Kit Single Cut,
ESP,LTD Snakebyte SW,
Harley Benton,CST-24T Amber Stripes,
Fender,AV II 61 STRAT RW OWT,
Harley Benton,CST-24T LH Amber Stripes,
PRS,SE CE 24 BU,
Harley Benton,SC-550 II BCF,
Harley Benton,JA-Baritone BK,
Squier,Sonic Tele MN Black,
Harley Benton,ST-20HSS Standard SBK Set,
Gibson,SG ´61 Standard VC,
PRS,SE CE 24 BR,
Harley Benton,Guitar MAX Fusion Signature EF,
Harley Benton,HWY-25BKS Progressive Series,
Harley Benton,SC-450PlusLH HB Vintage Series,
Squier,Sonic Stratocaster Pack 2TSB,
Harley Benton,DC-Custom II 612 Cherry,
Harley Benton,HWY-25BKS Progressive S Set,
Harley Benton,ST-20HSS SBK St. Series Pack,
Harley Benton,Electric Guitar Kit ST-Style,
Squier,Sonic Strat LRL Ultraviolet,
Harley Benton,SC-450Plus VB Vintage Series,
manufacturer,title,price
Charvel,Pro Mod REL SRS SD1 HH WWH,
Harley Benton,TE-LH KIT,
Harley Benton,SC-550LH II PAF,
Harley Benton,SC-Custom III VBK,
Squier,Sonic Strat MN 2TSB,
Gibson,Les Paul Custom EB GH,
Harley Benton,Fusion-T HH HT EB BK,
PRS,70th SE Custom 24 Quilt BO,
Epiphone,Korina Explorer Aged Natural,
Harley Benton,Electric Guitar Kit DC Style,
PRS,SE CE 24 Standard Satin TU,
Gibson,SG Supreme TEB,
Gibson,Les Paul Standard 60s Trans.BB,
Gibson,SG Custom EB GH,
Gibson,Les Paul Modern Figured CB,
Harley Benton,Fusion-T EMG HT Roasted SBK,
Fender,Player Series Strat MN BCR,
Epiphone,Les Paul Custom Ebony,
Harley Benton,RG-Junior BK Set,
PRS,SE CE 24 TU,
Squier,Sonic Esquire H Ultraviolet,
Evh,Frankie Striped MN Relic R/W/B,
Epiphone,Dave Grohl DG-335 Pelham Blue,
Gibson,80s Flying V Ebony,
Harley Benton,Electric Guitar Kit Extreme-76,
manufacturer,title,price
Squier,Sonic Strat LRL Ultravi Set,
Harley Benton,SC-450Plus VB Vintage S Bundle,
Jackson,JS22-7 Dinky AH SB,
Gibson,SG ´61 Standard SM,
Gibson,"Les Paul Slash ""Jessica"" HB/RB",
PRS,SE Swamp Ash Special IB,
Fender,Player II Tele RW BCG,
Harley Benton,CST-24T Ocean Flame,
Harley Benton,SC-500 WH Vintage Series,
Harley Benton,TE-52 NA Vintage Series,
Harley Benton,CST-24T Paradise Flame,
Harley Benton,TE-20HH SBK Standard Series,
Fender,Player II Strat HSS MN AQB,
Fender,Player Series Strat MN PWT,
Harley Benton,HWY-25BKS Progressive S Bundle,
Harley Benton,Fusion-III HSS Roasted WM,
Squier,CV 60s Custom Tele 3-SB,
ESP,LTD M-HT Black Metal BK,
Fender,AM Perf Strat HSS MN SFG,
Harley Benton,CST-24T Emerald Flame,
Gibson,70s Explorer CW,
Fender,AM Ultra Strat RW HSS C. Blue,
Fender,Player II Tele RW PWT,
Squier,Sonic Strat MN 2TSB Set,
Squier,CV 70s Strat LRL OWT,
manufacturer,title,price
PRS,SE Swamp Ash Special VS,
ESP,LTD Iron Cross SW,
Fender,Player II Strat RW PWT,
Squier,CV 60s Strat LPB,
Harley Benton,SC-550 II Silver Burst,
Harley Benton,Electric Guitar Kit HB35-Style,
Harley Benton,CST-24T Amber Stripes Bundle,
Squier,Affinity Strat Laurel SG,
Squier,Contemp Tele RH MNPW,
ESP,LTD Snakebyte BKLS,
Gibson,SG ´61 Standard Classic white,
Squier,Sonic Strat HT Torino Red,
Squier,CV 60s Strat 3-SB,
Harley Benton,TE-90QM Trans Red,
Gibson,1964 ES-335 Reissue 60s CH VOS,
ESP,LTD MH-10 Black,
Harley Benton,ST-20HSS CA Standard Series,
Jackson,JS11 Dinky AH WH,
Harley Benton,CST-24T P90 Black Flame,
Harley Benton,R-458BK MultiScale,
Harley Benton,Victory-BK Classic Series,
Harley Benton,R-458FFB Roasted MultiScale,
Gibson,Les Paul Supreme Wine Red,
Cort,70th Anniv. KX507MS OPB Burst,
Gibson,Les Paul Modern Studio SHS,
